{
    "$schema": "https://schema.management.azure.com/schemas/2019-04-01/deploymentTemplate.json#",
    "contentVersion": "1.0.0.0",
    "parameters": {
        "virtualNetworks_CoreServicesVnet_name": {
            "defaultValue": "CoreServicesVnet",
            "type": "String"
        }
    },
    "variables": {},
    "resources": [
        {
            "type": "Microsoft.Network/virtualNetworks",
            "apiVersion": "2024-05-01",
            "name": "[parameters('virtualNetworks_CoreServicesVnet_name')]",
            "location": "eastus",
            "properties": {
                "addressSpace": {
                    "addressPrefixes": [
                        "10.20.0.0/16"
                    ]
                },
                "encryption": {
                    "enabled": false,
                    "enforcement": "AllowUnencrypted"
                },
                "privateEndpointVNetPolicies": "Disabled",
                "subnets": [
                    {
                        "name": "SharedServicesSubnet",
                        "id": "[resourceId('Microsoft.Network/virtualNetworks/subnets', parameters('virtualNetworks_CoreServicesVnet_name'), 'SharedServicesSubnet')]",
                        "properties": {
                            "addressPrefixes": [
                                "10.20.10.0/24"
                            ],
                            "delegations": [],
                            "privateEndpointNetworkPolicies": "Disabled",
                            "privateLinkServiceNetworkPolicies": "Enabled"
                        },
                        "type": "Microsoft.Network/virtualNetworks/subnets"
                    },
                    {
                        "name": "DatabaseSubnet",
                        "id": "[resourceId('Microsoft.Network/virtualNetworks/subnets', parameters('virtualNetworks_CoreServicesVnet_name'), 'DatabaseSubnet')]",
                        "properties": {
                            "addressPrefixes": [
                                "10.20.20.0/24"
                            ],
                            "delegations": [],
                            "privateEndpointNetworkPolicies": "Disabled",
                            "privateLinkServiceNetworkPolicies": "Enabled"
                        },
                        "type": "Microsoft.Network/virtualNetworks/subnets"
                    }
                ],
                "virtualNetworkPeerings": [],
                "enableDdosProtection": false
            }
        },
        {
            "type": "Microsoft.Network/virtualNetworks/subnets",
            "apiVersion": "2024-05-01",
            "name": "[concat(parameters('virtualNetworks_CoreServicesVnet_name'), '/DatabaseSubnet')]",
            "dependsOn": [
                "[resourceId('Microsoft.Network/virtualNetworks', parameters('virtualNetworks_CoreServicesVnet_name'))]"
            ],
            "properties": {
                "addressPrefixes": [
                    "10.20.20.0/24"
                ],
                "delegations": [],
                "privateEndpointNetworkPolicies": "Disabled",
                "privateLinkServiceNetworkPolicies": "Enabled"
            }
        },
        {
            "type": "Microsoft.Network/virtualNetworks/subnets",
            "apiVersion": "2024-05-01",
            "name": "[concat(parameters('virtualNetworks_CoreServicesVnet_name'), '/SharedServicesSubnet')]",
            "dependsOn": [
                "[resourceId('Microsoft.Network/virtualNetworks', parameters('virtualNetworks_CoreServicesVnet_name'))]"
            ],
            "properties": {
                "addressPrefixes": [
                    "10.20.10.0/24"
                ],
                "delegations": [],
                "privateEndpointNetworkPolicies": "Disabled",
                "privateLinkServiceNetworkPolicies": "Enabled"
            }
        }
    ]
}