{
  "id": "/subscriptions/266fd89c-8257-4c17-a247-9eb74014ea93/resourceGroups/az104-rg6/providers/Microsoft.Resources/deployments/Microsoft.Template-20250616202415",
  "name": "Microsoft.Template-20250616202415",
  "type": "Microsoft.Resources/deployments",
  "properties": {
    "templateHash": "5587179856175010178",
    "parameters": {
      "virtualMachines_az104_06_vm0_name": {
        "type": "String",
        "value": "az104-06-vm0"
      },
      "virtualMachines_az104_06_vm1_name": {
        "type": "String",
        "value": "az104-06-vm1"
      },
      "virtualMachines_az104_06_vm2_name": {
        "type": "String",
        "value": "az104-06-vm2"
      },
      "virtualNetworks_az104_06_vnet1_name": {
        "type": "String",
        "value": "az104-06-vnet1"
      },
      "networkInterfaces_az104_06_nic0_name": {
        "type": "String",
        "value": "az104-06-nic0"
      },
      "networkInterfaces_az104_06_nic1_name": {
        "type": "String",
        "value": "az104-06-nic1"
      },
      "networkInterfaces_az104_06_nic2_name": {
        "type": "String",
        "value": "az104-06-nic2"
      },
      "networkSecurityGroups_az104_06_nsg1_name": {
        "type": "String",
        "value": "az104-06-nsg1"
      },
      "adminPassword": {
        "type": "SecureString"
      }
    },
    "mode": "Incremental",
    "debugSetting": {
      "detailLevel": "None"
    },
    "provisioningState": "Succeeded",
    "timestamp": "2025-06-16T18:28:18.5563067Z",
    "duration": "PT3M59.9803331S",
    "correlationId": "72cd7bd1-77c2-4717-bb3e-09d1088ca866",
    "providers": [
      {
        "namespace": "Microsoft.Network",
        "resourceTypes": [
          {
            "resourceType": "networkSecurityGroups",
            "locations": [
              "westeurope"
            ]
          },
          {
            "resourceType": "virtualNetworks",
            "locations": [
              "westeurope"
            ]
          },
          {
            "resourceType": "networkInterfaces",
            "locations": [
              "westeurope"
            ]
          }
        ]
      },
      {
        "namespace": "Microsoft.Compute",
        "resourceTypes": [
          {
            "resourceType": "virtualMachines",
            "locations": [
              "westeurope"
            ]
          },
          {
            "resourceType": "virtualMachines/extensions",
            "locations": [
              "westeurope"
            ]
          }
        ]
      }
    ],
    "dependencies": [
      {
        "dependsOn": [
          {
            "id": "/subscriptions/266fd89c-8257-4c17-a247-9eb74014ea93/resourceGroups/az104-rg6/providers/Microsoft.Network/networkInterfaces/az104-06-nic0",
            "resourceType": "Microsoft.Network/networkInterfaces",
            "resourceName": "az104-06-nic0"
          }
        ],
        "id": "/subscriptions/266fd89c-8257-4c17-a247-9eb74014ea93/resourceGroups/az104-rg6/providers/Microsoft.Compute/virtualMachines/az104-06-vm0",
        "resourceType": "Microsoft.Compute/virtualMachines",
        "resourceName": "az104-06-vm0"
      },
      {
        "dependsOn": [
          {
            "id": "/subscriptions/266fd89c-8257-4c17-a247-9eb74014ea93/resourceGroups/az104-rg6/providers/Microsoft.Network/networkInterfaces/az104-06-nic1",
            "resourceType": "Microsoft.Network/networkInterfaces",
            "resourceName": "az104-06-nic1"
          }
        ],
        "id": "/subscriptions/266fd89c-8257-4c17-a247-9eb74014ea93/resourceGroups/az104-rg6/providers/Microsoft.Compute/virtualMachines/az104-06-vm1",
        "resourceType": "Microsoft.Compute/virtualMachines",
        "resourceName": "az104-06-vm1"
      },
      {
        "dependsOn": [
          {
            "id": "/subscriptions/266fd89c-8257-4c17-a247-9eb74014ea93/resourceGroups/az104-rg6/providers/Microsoft.Network/networkInterfaces/az104-06-nic2",
            "resourceType": "Microsoft.Network/networkInterfaces",
            "resourceName": "az104-06-nic2"
          }
        ],
        "id": "/subscriptions/266fd89c-8257-4c17-a247-9eb74014ea93/resourceGroups/az104-rg6/providers/Microsoft.Compute/virtualMachines/az104-06-vm2",
        "resourceType": "Microsoft.Compute/virtualMachines",
        "resourceName": "az104-06-vm2"
      },
      {
        "dependsOn": [
          {
            "id": "/subscriptions/266fd89c-8257-4c17-a247-9eb74014ea93/resourceGroups/az104-rg6/providers/Microsoft.Compute/virtualMachines/az104-06-vm0",
            "resourceType": "Microsoft.Compute/virtualMachines",
            "resourceName": "az104-06-vm0"
          }
        ],
        "id": "/subscriptions/266fd89c-8257-4c17-a247-9eb74014ea93/resourceGroups/az104-rg6/providers/Microsoft.Compute/virtualMachines/az104-06-vm0/extensions/customScriptExtension",
        "resourceType": "Microsoft.Compute/virtualMachines/extensions",
        "resourceName": "az104-06-vm0/customScriptExtension"
      },
      {
        "dependsOn": [
          {
            "id": "/subscriptions/266fd89c-8257-4c17-a247-9eb74014ea93/resourceGroups/az104-rg6/providers/Microsoft.Compute/virtualMachines/az104-06-vm1",
            "resourceType": "Microsoft.Compute/virtualMachines",
            "resourceName": "az104-06-vm1"
          }
        ],
        "id": "/subscriptions/266fd89c-8257-4c17-a247-9eb74014ea93/resourceGroups/az104-rg6/providers/Microsoft.Compute/virtualMachines/az104-06-vm1/extensions/customScriptExtension",
        "resourceType": "Microsoft.Compute/virtualMachines/extensions",
        "resourceName": "az104-06-vm1/customScriptExtension"
      },
      {
        "dependsOn": [
          {
            "id": "/subscriptions/266fd89c-8257-4c17-a247-9eb74014ea93/resourceGroups/az104-rg6/providers/Microsoft.Compute/virtualMachines/az104-06-vm2",
            "resourceType": "Microsoft.Compute/virtualMachines",
            "resourceName": "az104-06-vm2"
          }
        ],
        "id": "/subscriptions/266fd89c-8257-4c17-a247-9eb74014ea93/resourceGroups/az104-rg6/providers/Microsoft.Compute/virtualMachines/az104-06-vm2/extensions/customScriptExtension",
        "resourceType": "Microsoft.Compute/virtualMachines/extensions",
        "resourceName": "az104-06-vm2/customScriptExtension"
      },
      {
        "dependsOn": [
          {
            "id": "/subscriptions/266fd89c-8257-4c17-a247-9eb74014ea93/resourceGroups/az104-rg6/providers/Microsoft.Network/virtualNetworks/az104-06-vnet1",
            "resourceType": "Microsoft.Network/virtualNetworks",
            "resourceName": "az104-06-vnet1"
          },
          {
            "id": "/subscriptions/266fd89c-8257-4c17-a247-9eb74014ea93/resourceGroups/az104-rg6/providers/Microsoft.Network/networkSecurityGroups/az104-06-nsg1",
            "resourceType": "Microsoft.Network/networkSecurityGroups",
            "resourceName": "az104-06-nsg1"
          }
        ],
        "id": "/subscriptions/266fd89c-8257-4c17-a247-9eb74014ea93/resourceGroups/az104-rg6/providers/Microsoft.Network/networkInterfaces/az104-06-nic0",
        "resourceType": "Microsoft.Network/networkInterfaces",
        "resourceName": "az104-06-nic0"
      },
      {
        "dependsOn": [
          {
            "id": "/subscriptions/266fd89c-8257-4c17-a247-9eb74014ea93/resourceGroups/az104-rg6/providers/Microsoft.Network/virtualNetworks/az104-06-vnet1",
            "resourceType": "Microsoft.Network/virtualNetworks",
            "resourceName": "az104-06-vnet1"
          },
          {
            "id": "/subscriptions/266fd89c-8257-4c17-a247-9eb74014ea93/resourceGroups/az104-rg6/providers/Microsoft.Network/networkSecurityGroups/az104-06-nsg1",
            "resourceType": "Microsoft.Network/networkSecurityGroups",
            "resourceName": "az104-06-nsg1"
          }
        ],
        "id": "/subscriptions/266fd89c-8257-4c17-a247-9eb74014ea93/resourceGroups/az104-rg6/providers/Microsoft.Network/networkInterfaces/az104-06-nic1",
        "resourceType": "Microsoft.Network/networkInterfaces",
        "resourceName": "az104-06-nic1"
      },
      {
        "dependsOn": [
          {
            "id": "/subscriptions/266fd89c-8257-4c17-a247-9eb74014ea93/resourceGroups/az104-rg6/providers/Microsoft.Network/virtualNetworks/az104-06-vnet1",
            "resourceType": "Microsoft.Network/virtualNetworks",
            "resourceName": "az104-06-vnet1"
          },
          {
            "id": "/subscriptions/266fd89c-8257-4c17-a247-9eb74014ea93/resourceGroups/az104-rg6/providers/Microsoft.Network/networkSecurityGroups/az104-06-nsg1",
            "resourceType": "Microsoft.Network/networkSecurityGroups",
            "resourceName": "az104-06-nsg1"
          }
        ],
        "id": "/subscriptions/266fd89c-8257-4c17-a247-9eb74014ea93/resourceGroups/az104-rg6/providers/Microsoft.Network/networkInterfaces/az104-06-nic2",
        "resourceType": "Microsoft.Network/networkInterfaces",
        "resourceName": "az104-06-nic2"
      }
    ],
    "outputResources": [
      {
        "id": "/subscriptions/266fd89c-8257-4c17-a247-9eb74014ea93/resourceGroups/az104-rg6/providers/Microsoft.Compute/virtualMachines/az104-06-vm0"
      },
      {
        "id": "/subscriptions/266fd89c-8257-4c17-a247-9eb74014ea93/resourceGroups/az104-rg6/providers/Microsoft.Compute/virtualMachines/az104-06-vm0/extensions/customScriptExtension"
      },
      {
        "id": "/subscriptions/266fd89c-8257-4c17-a247-9eb74014ea93/resourceGroups/az104-rg6/providers/Microsoft.Compute/virtualMachines/az104-06-vm1"
      },
      {
        "id": "/subscriptions/266fd89c-8257-4c17-a247-9eb74014ea93/resourceGroups/az104-rg6/providers/Microsoft.Compute/virtualMachines/az104-06-vm1/extensions/customScriptExtension"
      },
      {
        "id": "/subscriptions/266fd89c-8257-4c17-a247-9eb74014ea93/resourceGroups/az104-rg6/providers/Microsoft.Compute/virtualMachines/az104-06-vm2"
      },
      {
        "id": "/subscriptions/266fd89c-8257-4c17-a247-9eb74014ea93/resourceGroups/az104-rg6/providers/Microsoft.Compute/virtualMachines/az104-06-vm2/extensions/customScriptExtension"
      },
      {
        "id": "/subscriptions/266fd89c-8257-4c17-a247-9eb74014ea93/resourceGroups/az104-rg6/providers/Microsoft.Network/networkInterfaces/az104-06-nic0"
      },
      {
        "id": "/subscriptions/266fd89c-8257-4c17-a247-9eb74014ea93/resourceGroups/az104-rg6/providers/Microsoft.Network/networkInterfaces/az104-06-nic1"
      },
      {
        "id": "/subscriptions/266fd89c-8257-4c17-a247-9eb74014ea93/resourceGroups/az104-rg6/providers/Microsoft.Network/networkInterfaces/az104-06-nic2"
      },
      {
        "id": "/subscriptions/266fd89c-8257-4c17-a247-9eb74014ea93/resourceGroups/az104-rg6/providers/Microsoft.Network/networkSecurityGroups/az104-06-nsg1"
      },
      {
        "id": "/subscriptions/266fd89c-8257-4c17-a247-9eb74014ea93/resourceGroups/az104-rg6/providers/Microsoft.Network/virtualNetworks/az104-06-vnet1"
      }
    ],
    "validationLevel": "Template"
  },
  "tags": {
    "marketplaceItemId": "Microsoft.Template"
  }
}