[
  {
    "id": "/subscriptions/266fd89c-8257-4c17-a247-9eb74014ea93/resourceGroups/az104-rg6/providers/Microsoft.Resources/deployments/Microsoft.Template-20250616202415/operations/64D1B51288C296A1",
    "operationId": "64D1B51288C296A1",
    "properties": {
      "provisioningOperation": "Create",
      "provisioningState": "Succeeded",
      "timestamp": "2025-06-16T18:24:21.3715525Z",
      "duration": "PT3M22.8807432S",
      "trackingId": "993a9631-a3d3-4fbc-beca-3ba7e5f8c233",
      "statusCode": "OK",
      "targetResource": {
        "id": "/subscriptions/266fd89c-8257-4c17-a247-9eb74014ea93/resourceGroups/az104-rg6/providers/Microsoft.Compute/virtualMachines/az104-06-vm2/extensions/customScriptExtension",
        "resourceType": "Microsoft.Compute/virtualMachines/extensions",
        "resourceName": "az104-06-vm2/customScriptExtension"
      }
    }
  },
  {
    "id": "/subscriptions/266fd89c-8257-4c17-a247-9eb74014ea93/resourceGroups/az104-rg6/providers/Microsoft.Resources/deployments/Microsoft.Template-20250616202415/operations/EF76FA95B40D164D",
    "operationId": "EF76FA95B40D164D",
    "properties": {
      "provisioningOperation": "Create",
      "provisioningState": "Succeeded",
      "timestamp": "2025-06-16T18:24:21.3715525Z",
      "duration": "PT2M57.3878863S",
      "trackingId": "38e27884-f558-4ab1-baf5-b79432d23d59",
      "statusCode": "OK",
      "targetResource": {
        "id": "/subscriptions/266fd89c-8257-4c17-a247-9eb74014ea93/resourceGroups/az104-rg6/providers/Microsoft.Compute/virtualMachines/az104-06-vm0/extensions/customScriptExtension",
        "resourceType": "Microsoft.Compute/virtualMachines/extensions",
        "resourceName": "az104-06-vm0/customScriptExtension"
      }
    }
  },
  {
    "id": "/subscriptions/266fd89c-8257-4c17-a247-9eb74014ea93/resourceGroups/az104-rg6/providers/Microsoft.Resources/deployments/Microsoft.Template-20250616202415/operations/BFC8712DE3751CED",
    "operationId": "BFC8712DE3751CED",
    "properties": {
      "provisioningOperation": "Create",
      "provisioningState": "Succeeded",
      "timestamp": "2025-06-16T18:24:21.3715525Z",
      "duration": "PT3M56.6222935S",
      "trackingId": "def7011d-f24e-40ca-939b-3bf8f1629306",
      "statusCode": "OK",
      "targetResource": {
        "id": "/subscriptions/266fd89c-8257-4c17-a247-9eb74014ea93/resourceGroups/az104-rg6/providers/Microsoft.Compute/virtualMachines/az104-06-vm1/extensions/customScriptExtension",
        "resourceType": "Microsoft.Compute/virtualMachines/extensions",
        "resourceName": "az104-06-vm1/customScriptExtension"
      }
    }
  },
  {
    "id": "/subscriptions/266fd89c-8257-4c17-a247-9eb74014ea93/resourceGroups/az104-rg6/providers/Microsoft.Resources/deployments/Microsoft.Template-20250616202415/operations/0A16D1260B18CE7B",
    "operationId": "0A16D1260B18CE7B",
    "properties": {
      "provisioningOperation": "Create",
      "provisioningState": "Succeeded",
      "timestamp": "2025-06-16T18:24:21.3715525Z",
      "duration": "PT18.7404927S",
      "trackingId": "4d99c18f-f94d-44a7-8082-b2161e9b93cd",
      "statusCode": "OK",
      "targetResource": {
        "id": "/subscriptions/266fd89c-8257-4c17-a247-9eb74014ea93/resourceGroups/az104-rg6/providers/Microsoft.Compute/virtualMachines/az104-06-vm1",
        "resourceType": "Microsoft.Compute/virtualMachines",
        "resourceName": "az104-06-vm1"
      }
    }
  },
  {
    "id": "/subscriptions/266fd89c-8257-4c17-a247-9eb74014ea93/resourceGroups/az104-rg6/providers/Microsoft.Resources/deployments/Microsoft.Template-20250616202415/operations/4DB612FE55BA7C72",
    "operationId": "4DB612FE55BA7C72",
    "properties": {
      "provisioningOperation": "Create",
      "provisioningState": "Succeeded",
      "timestamp": "2025-06-16T18:24:21.3715525Z",
      "duration": "PT25.00837S",
      "trackingId": "e15283fa-1404-4086-b896-7dfc4a7667ac",
      "statusCode": "OK",
      "targetResource": {
        "id": "/subscriptions/266fd89c-8257-4c17-a247-9eb74014ea93/resourceGroups/az104-rg6/providers/Microsoft.Compute/virtualMachines/az104-06-vm2",
        "resourceType": "Microsoft.Compute/virtualMachines",
        "resourceName": "az104-06-vm2"
      }
    }
  },
  {
    "id": "/subscriptions/266fd89c-8257-4c17-a247-9eb74014ea93/resourceGroups/az104-rg6/providers/Microsoft.Resources/deployments/Microsoft.Template-20250616202415/operations/7E8678D55C278DF8",
    "operationId": "7E8678D55C278DF8",
    "properties": {
      "provisioningOperation": "Create",
      "provisioningState": "Succeeded",
      "timestamp": "2025-06-16T18:24:21.3715525Z",
      "duration": "PT20.651244S",
      "trackingId": "ee835531-1e87-4961-9344-0ab532405326",
      "statusCode": "OK",
      "targetResource": {
        "id": "/subscriptions/266fd89c-8257-4c17-a247-9eb74014ea93/resourceGroups/az104-rg6/providers/Microsoft.Compute/virtualMachines/az104-06-vm0",
        "resourceType": "Microsoft.Compute/virtualMachines",
        "resourceName": "az104-06-vm0"
      }
    }
  },
  {
    "id": "/subscriptions/266fd89c-8257-4c17-a247-9eb74014ea93/resourceGroups/az104-rg6/providers/Microsoft.Resources/deployments/Microsoft.Template-20250616202415/operations/9CEC41C2B79D8D0A",
    "operationId": "9CEC41C2B79D8D0A",
    "properties": {
      "provisioningOperation": "Create",
      "provisioningState": "Succeeded",
      "timestamp": "2025-06-16T18:24:21.3715525Z",
      "duration": "PT0.4865849S",
      "trackingId": "16ed91b0-ff08-4dc6-acb8-7436b469ffa0",
      "statusCode": "OK",
      "targetResource": {
        "id": "/subscriptions/266fd89c-8257-4c17-a247-9eb74014ea93/resourceGroups/az104-rg6/providers/Microsoft.Network/networkInterfaces/az104-06-nic2",
        "resourceType": "Microsoft.Network/networkInterfaces",
        "resourceName": "az104-06-nic2"
      }
    }
  },
  {
    "id": "/subscriptions/266fd89c-8257-4c17-a247-9eb74014ea93/resourceGroups/az104-rg6/providers/Microsoft.Resources/deployments/Microsoft.Template-20250616202415/operations/408FFA3AC9CD1ADB",
    "operationId": "408FFA3AC9CD1ADB",
    "properties": {
      "provisioningOperation": "Create",
      "provisioningState": "Succeeded",
      "timestamp": "2025-06-16T18:24:21.3715525Z",
      "duration": "PT0.4553157S",
      "trackingId": "9fb67133-09d1-44e4-9ae9-280034f8a8fa",
      "statusCode": "OK",
      "targetResource": {
        "id": "/subscriptions/266fd89c-8257-4c17-a247-9eb74014ea93/resourceGroups/az104-rg6/providers/Microsoft.Network/networkInterfaces/az104-06-nic1",
        "resourceType": "Microsoft.Network/networkInterfaces",
        "resourceName": "az104-06-nic1"
      }
    }
  },
  {
    "id": "/subscriptions/266fd89c-8257-4c17-a247-9eb74014ea93/resourceGroups/az104-rg6/providers/Microsoft.Resources/deployments/Microsoft.Template-20250616202415/operations/1E9A836C5F88DAA4",
    "operationId": "1E9A836C5F88DAA4",
    "properties": {
      "provisioningOperation": "Create",
      "provisioningState": "Succeeded",
      "timestamp": "2025-06-16T18:24:21.3715525Z",
      "duration": "PT0.4240687S",
      "trackingId": "d76ef5e9-671a-4834-a102-6ab5555486b2",
      "statusCode": "OK",
      "targetResource": {
        "id": "/subscriptions/266fd89c-8257-4c17-a247-9eb74014ea93/resourceGroups/az104-rg6/providers/Microsoft.Network/networkInterfaces/az104-06-nic0",
        "resourceType": "Microsoft.Network/networkInterfaces",
        "resourceName": "az104-06-nic0"
      }
    }
  },
  {
    "id": "/subscriptions/266fd89c-8257-4c17-a247-9eb74014ea93/resourceGroups/az104-rg6/providers/Microsoft.Resources/deployments/Microsoft.Template-20250616202415/operations/869D7E2EE74CE7F7",
    "operationId": "869D7E2EE74CE7F7",
    "properties": {
      "provisioningOperation": "Create",
      "provisioningState": "Succeeded",
      "timestamp": "2025-06-16T18:24:20.2005914Z",
      "duration": "PT1.0169S",
      "trackingId": "d2ee703e-54e1-4ded-8068-eed8d61a77d7",
      "statusCode": "Created",
      "targetResource": {
        "id": "/subscriptions/266fd89c-8257-4c17-a247-9eb74014ea93/resourceGroups/az104-rg6/providers/Microsoft.Network/virtualNetworks/az104-06-vnet1",
        "resourceType": "Microsoft.Network/virtualNetworks",
        "resourceName": "az104-06-vnet1"
      }
    }
  },
  {
    "id": "/subscriptions/266fd89c-8257-4c17-a247-9eb74014ea93/resourceGroups/az104-rg6/providers/Microsoft.Resources/deployments/Microsoft.Template-20250616202415/operations/F536C30209C4C3D2",
    "operationId": "F536C30209C4C3D2",
    "properties": {
      "provisioningOperation": "Create",
      "provisioningState": "Succeeded",
      "timestamp": "2025-06-16T18:24:20.2005914Z",
      "duration": "PT0.5950679S",
      "trackingId": "251cd4ba-9d06-49f7-a8ed-c7141e5d169b",
      "statusCode": "OK",
      "targetResource": {
        "id": "/subscriptions/266fd89c-8257-4c17-a247-9eb74014ea93/resourceGroups/az104-rg6/providers/Microsoft.Network/networkSecurityGroups/az104-06-nsg1",
        "resourceType": "Microsoft.Network/networkSecurityGroups",
        "resourceName": "az104-06-nsg1"
      }
    }
  },
  {
    "id": "/subscriptions/266fd89c-8257-4c17-a247-9eb74014ea93/resourceGroups/az104-rg6/providers/Microsoft.Resources/deployments/Microsoft.Template-20250616202415/operations/08584515086268916221",
    "operationId": "08584515086268916221",
    "properties": {
      "provisioningOperation": "EvaluateDeploymentOutput",
      "provisioningState": "Succeeded",
      "timestamp": "2025-06-16T18:28:18.179196Z",
      "duration": "PT0.2677259S",
      "trackingId": "ed853a92-c8be-4d38-a15a-e19ff539dd68",
      "statusCode": "OK"
    }
  }
]